step,loss,learning_rate,step_time_sec,gpu_memory_mb,tokens_processed,is_warmup
1,2.1891,8.00e-07,37.8663,78112.9,6064,True
2,2.1992,1.60e-06,36.3871,95833.9,4634,True
3,2.2338,2.40e-06,36.2745,95833.9,4186,True
4,2.2915,3.20e-06,36.3381,95833.9,5988,False
5,2.1199,4.00e-06,36.2788,95833.9,2795,False
6,2.0937,4.80e-06,36.2799,95833.9,4723,False
7,1.8254,5.60e-06,36.2752,95833.9,8002,False
8,1.8254,6.40e-06,36.3896,95833.9,5035,False
9,1.8678,7.20e-06,36.3899,95833.9,6116,False
10,1.7957,8.00e-06,36.3686,95833.9,7357,False
11,1.6908,8.80e-06,36.2793,95833.9,6937,False
12,1.6606,9.60e-06,36.3516,95833.9,5416,False
13,1.7314,1.04e-05,36.3676,95833.9,5775,False
14,1.9606,1.12e-05,36.4554,95833.9,4277,False
15,1.6964,1.20e-05,36.4066,95833.9,4968,False
16,1.812,1.28e-05,36.3838,95833.9,4327,False
17,1.527,1.36e-05,36.4063,95833.9,6450,False
18,1.7278,1.44e-05,36.514,95833.9,6752,False
19,1.7493,1.52e-05,36.3392,95833.9,4627,False
20,1.637,1.60e-05,36.8031,95833.9,3774,False
21,1.664,1.68e-05,36.5102,95833.9,5287,False
22,1.5546,1.76e-05,36.5478,95833.9,4576,False
23,1.6899,1.84e-05,36.44,95833.9,4435,False
24,1.5084,1.92e-05,36.4348,95833.9,5535,False
25,1.8613,2.00e-05,36.3942,95833.9,4677,False
26,1.545,2.00e-05,36.3647,95833.9,5504,False
27,1.5587,2.00e-05,36.3227,95833.9,4651,False
28,1.6021,2.00e-05,36.2912,95833.9,6239,False
29,1.6169,2.00e-05,36.2059,95833.9,5609,False
30,1.6449,2.00e-05,36.4319,95833.9,6019,False
31,1.5204,2.00e-05,36.4035,95833.9,5533,False
32,1.8279,2.00e-05,36.5347,95833.9,7151,False
33,1.6006,2.00e-05,36.4888,95833.9,4130,False
34,1.4609,2.00e-05,36.4242,95833.9,6691,False
35,1.6428,2.00e-05,36.4461,95833.9,4119,False
36,1.6626,2.00e-05,36.5614,95833.9,5237,False
37,1.5595,2.00e-05,36.3966,95833.9,7230,False
38,1.7058,2.00e-05,36.5506,95833.9,3179,False
39,1.6692,2.00e-05,36.5341,95833.9,6192,False
40,1.7196,2.00e-05,36.3679,95833.9,5014,False
41,1.576,1.99e-05,36.3212,95833.9,4304,False
42,1.7042,1.99e-05,36.3659,95833.9,3928,False
43,1.5128,1.99e-05,36.5308,95833.9,6834,False
44,1.8258,1.99e-05,36.3352,95833.9,4169,False
45,1.7998,1.99e-05,36.4558,95833.9,4941,False
46,1.7815,1.99e-05,36.3353,95833.9,7176,False
47,1.5408,1.99e-05,36.4118,95833.9,4678,False
48,1.7019,1.99e-05,36.3148,95833.9,5817,False
49,1.6216,1.99e-05,36.4467,95833.9,5140,False
50,1.8718,1.99e-05,36.4325,95833.9,5492,False
51,1.6354,1.99e-05,36.4004,95833.9,5993,False
52,1.6369,1.98e-05,36.5639,95833.9,5697,False
53,1.5766,1.98e-05,36.5111,95833.9,3742,False
54,1.5241,1.98e-05,36.5485,95833.9,5633,False
55,1.6756,1.98e-05,36.4708,95833.9,7416,False
56,1.6251,1.98e-05,36.4654,95833.9,5513,False
57,1.6147,1.98e-05,36.3135,95833.9,4200,False
58,1.8264,1.98e-05,36.3403,95833.9,4859,False
59,1.4451,1.97e-05,36.5582,95833.9,5910,False
60,1.7354,1.97e-05,36.383,95833.9,6654,False
61,1.3794,1.97e-05,36.4086,95833.9,6001,False
62,1.647,1.97e-05,36.4082,95833.9,5990,False
63,1.7724,1.97e-05,36.2768,95833.9,5783,False
64,1.7286,1.97e-05,36.4258,95833.9,5414,False
65,1.8344,1.97e-05,36.4385,95833.9,5895,False
66,1.6139,1.96e-05,36.6682,95833.9,4890,False
67,1.8209,1.96e-05,36.3788,95833.9,6222,False
68,1.7221,1.96e-05,36.5118,95833.9,5817,False
69,1.6161,1.96e-05,36.4733,95833.9,3974,False
70,1.6396,1.96e-05,36.4372,95833.9,4210,False
71,1.6041,1.95e-05,36.5669,95833.9,7434,False
72,1.6644,1.95e-05,36.4788,95833.9,5853,False
73,1.5449,1.95e-05,36.5185,95833.9,7157,False
74,1.5599,1.95e-05,36.4882,95833.9,5506,False
75,1.2677,1.95e-05,36.4434,95833.9,5303,False
76,1.4507,1.94e-05,36.3514,95833.9,5579,False
77,1.5544,1.94e-05,36.3505,95833.9,4965,False
78,1.7587,1.94e-05,36.2858,95833.9,4560,False
79,1.5826,1.94e-05,36.3911,95833.9,5651,False
80,1.5843,1.93e-05,36.4177,95833.9,6550,False
81,1.7323,1.93e-05,36.4961,95833.9,5721,False
82,1.4362,1.93e-05,36.5081,95833.9,4511,False
83,1.8422,1.93e-05,36.4535,95833.9,5900,False
84,1.5567,1.92e-05,36.5156,95833.9,6068,False
85,1.843,1.92e-05,36.4635,95833.9,6518,False
86,1.5125,1.92e-05,36.6053,95833.9,5680,False
87,1.4181,1.92e-05,36.4186,95833.9,5661,False
88,1.6045,1.91e-05,36.4851,95833.9,5796,False
89,1.4849,1.91e-05,36.5247,95833.9,4784,False
90,1.735,1.91e-05,36.3948,95833.9,6720,False
91,1.8568,1.91e-05,36.4548,95833.9,4978,False
92,1.6542,1.90e-05,36.4817,95833.9,6095,False
93,1.6072,1.90e-05,36.4843,95833.9,6340,False
94,1.5353,1.90e-05,36.5479,95833.9,4756,False
95,1.5968,1.89e-05,36.4776,95833.9,4456,False
96,1.9307,1.89e-05,36.4694,95833.9,4441,False
97,1.7055,1.89e-05,36.47,95833.9,4151,False
98,1.9199,1.89e-05,36.5547,95833.9,5800,False
99,1.6275,1.88e-05,36.5258,95833.9,8760,False
100,1.7034,1.88e-05,36.6262,95833.9,5708,False
101,1.4536,1.88e-05,36.123,95833.9,4373,False
102,1.6163,1.87e-05,36.4053,95833.9,5078,False
103,1.5496,1.87e-05,36.4503,95833.9,3495,False
104,1.4631,1.87e-05,36.3772,95833.9,4963,False
105,1.7853,1.86e-05,36.4297,95833.9,5840,False
106,1.6227,1.86e-05,36.5358,95833.9,5319,False
107,1.3688,1.86e-05,36.3811,95833.9,6183,False
108,1.5286,1.85e-05,36.4785,95833.9,4260,False
109,1.5418,1.85e-05,36.5594,95833.9,5099,False
110,1.611,1.85e-05,36.6205,95833.9,3769,False
111,1.72,1.84e-05,36.3928,95833.9,3777,False
112,1.7357,1.84e-05,36.4399,95833.9,6702,False
113,1.7479,1.84e-05,36.5388,95833.9,9317,False
114,1.5709,1.83e-05,36.4683,95833.9,3214,False
115,1.678,1.83e-05,36.5249,95833.9,6271,False
116,1.6236,1.82e-05,36.3128,95833.9,4738,False
117,1.428,1.82e-05,36.4328,95833.9,5737,False
118,1.8071,1.82e-05,36.4115,95833.9,4921,False
119,1.6599,1.81e-05,36.3895,95833.9,7650,False
120,1.7473,1.81e-05,36.534,95833.9,7936,False
121,1.6449,1.81e-05,36.483,95833.9,7286,False
122,1.6706,1.80e-05,36.5653,95833.9,6486,False
123,1.647,1.80e-05,36.3484,95833.9,3605,False
124,1.465,1.79e-05,36.3696,95833.9,4927,False
125,1.9223,1.79e-05,36.4679,95833.9,6256,False
126,1.7136,1.79e-05,36.414,95833.9,4407,False
127,1.5608,1.78e-05,36.4332,95833.9,5751,False
128,1.4434,1.78e-05,36.4242,95833.9,6515,False
129,1.6505,1.77e-05,36.546,95833.9,4624,False
130,1.7525,1.77e-05,36.5411,95833.9,6824,False
131,1.6089,1.76e-05,36.3228,95833.9,5324,False
132,1.3495,1.76e-05,36.4425,95833.9,5898,False
133,1.3324,1.76e-05,36.3994,95833.9,3573,False
134,1.669,1.75e-05,36.4755,95833.9,3991,False
135,1.4043,1.75e-05,36.4123,95833.9,4845,False
136,1.521,1.74e-05,36.4617,95833.9,5240,False
137,1.6876,1.74e-05,36.5632,95833.9,5812,False
138,1.441,1.73e-05,36.4446,95833.9,5968,False
139,1.8969,1.73e-05,36.4299,95833.9,5976,False
140,1.6615,1.72e-05,36.4642,95833.9,6099,False
141,1.5297,1.72e-05,36.4875,95833.9,7969,False
142,1.5443,1.72e-05,36.5249,95833.9,4589,False
143,1.5126,1.71e-05,36.4805,95833.9,4775,False
144,1.5638,1.71e-05,36.4905,95833.9,4447,False
145,1.5339,1.70e-05,36.5442,95833.9,5618,False
146,1.6212,1.70e-05,36.44,95833.9,5871,False
147,1.5099,1.69e-05,36.3697,95833.9,5962,False
148,1.5561,1.69e-05,36.5296,95833.9,6245,False
149,1.5101,1.68e-05,36.4072,95833.9,5461,False
150,1.6446,1.68e-05,36.3776,95833.9,4682,False
151,1.5634,1.67e-05,36.4737,95833.9,5254,False
152,1.6047,1.67e-05,36.5807,95833.9,5413,False
153,1.6476,1.66e-05,36.3491,95833.9,5923,False
154,1.5132,1.66e-05,36.4125,95833.9,6786,False
155,1.4445,1.65e-05,36.4195,95833.9,6789,False
156,1.4214,1.65e-05,36.5274,95833.9,7543,False
157,1.6971,1.64e-05,36.5351,95833.9,6385,False
158,1.371,1.64e-05,36.4316,95833.9,5590,False
159,1.5541,1.63e-05,36.434,95833.9,7827,False
160,1.5256,1.63e-05,36.4195,95833.9,6676,False
161,1.7333,1.62e-05,36.5425,95833.9,6370,False
162,1.5816,1.62e-05,36.4904,95833.9,6477,False
163,1.5994,1.61e-05,36.4345,95833.9,7580,False
164,1.6541,1.61e-05,36.4645,95833.9,6095,False
165,1.3439,1.60e-05,36.4851,95833.9,4470,False
166,1.6288,1.60e-05,36.4642,95833.9,5388,False
167,1.7316,1.59e-05,36.5297,95833.9,5365,False
168,1.6646,1.59e-05,36.2313,95833.9,6309,False
169,1.4363,1.58e-05,36.4727,95833.9,5697,False
170,1.7604,1.57e-05,36.5712,95833.9,5092,False
171,1.5866,1.57e-05,36.436,95833.9,5343,False
172,1.6584,1.56e-05,36.388,95833.9,5178,False
173,1.5244,1.56e-05,36.5865,95833.9,5968,False
174,1.6478,1.55e-05,36.3958,95833.9,4471,False
175,1.7093,1.55e-05,36.3541,95833.9,4793,False
176,1.5947,1.54e-05,36.5246,95833.9,4754,False
177,1.5151,1.54e-05,36.5817,95833.9,5858,False
178,1.4382,1.53e-05,36.4472,95833.9,6220,False
179,1.7774,1.52e-05,36.4304,95833.9,6270,False
180,1.5896,1.52e-05,36.517,95833.9,6341,False
181,1.522,1.51e-05,36.5023,95833.9,5722,False
182,1.5376,1.51e-05,36.5645,95833.9,5959,False
183,1.8897,1.50e-05,36.5754,95833.9,5389,False
184,1.5149,1.50e-05,36.5058,95833.9,5141,False
185,1.5551,1.49e-05,36.5065,95833.9,5271,False
186,1.6461,1.48e-05,36.5157,95833.9,5087,False
187,1.383,1.48e-05,36.4562,95833.9,6000,False
188,1.1728,1.47e-05,36.5177,95833.9,5137,False
189,1.4807,1.47e-05,36.3689,95833.9,4419,False
190,1.5151,1.46e-05,36.4905,95833.9,5323,False
191,1.59,1.46e-05,36.3452,95833.9,5804,False
192,1.5744,1.45e-05,36.5203,95833.9,5276,False
193,1.5664,1.44e-05,36.3439,95833.9,5007,False
194,1.4516,1.44e-05,36.3476,95833.9,4766,False
195,1.39,1.43e-05,36.4841,95833.9,5175,False
196,1.7261,1.43e-05,36.4738,95833.9,5294,False
197,1.4907,1.42e-05,36.4798,95833.9,4441,False
198,1.7796,1.41e-05,36.5206,95833.9,6072,False
199,1.5734,1.41e-05,36.3896,95833.9,4561,False
200,1.7223,1.40e-05,36.3755,95833.9,5620,False
201,1.5883,1.40e-05,35.9114,95833.9,5427,False
202,1.5967,1.39e-05,36.4033,95833.9,4808,False
203,1.5605,1.38e-05,36.518,95833.9,5779,False
204,1.5389,1.38e-05,36.2987,95833.9,5133,False
205,1.539,1.37e-05,36.5064,95833.9,6769,False
206,1.5791,1.37e-05,36.4408,95833.9,5414,False
207,1.6551,1.36e-05,36.4771,95833.9,4874,False
208,1.6256,1.35e-05,36.3976,95833.9,4238,False
209,1.7845,1.35e-05,36.5367,95833.9,4963,False
210,1.5072,1.34e-05,36.4493,95833.9,4884,False
211,1.5573,1.33e-05,36.4503,95833.9,4855,False
212,1.4715,1.33e-05,36.3529,95833.9,6085,False
213,1.5899,1.32e-05,36.3834,95833.9,3448,False
214,1.6392,1.32e-05,36.4175,95833.9,7586,False
215,1.691,1.31e-05,36.3848,95833.9,4855,False
216,1.5955,1.30e-05,36.4468,95833.9,5386,False
217,1.4298,1.30e-05,36.2886,95833.9,6120,False
218,1.3996,1.29e-05,36.4768,95833.9,6497,False
219,1.7625,1.28e-05,36.5488,95833.9,8148,False
220,1.5123,1.28e-05,36.2769,95833.9,4387,False
221,1.393,1.27e-05,36.3995,95833.9,5998,False
222,1.7412,1.26e-05,36.2672,95833.9,3561,False
223,1.4921,1.26e-05,36.4436,95833.9,6542,False
224,1.6297,1.25e-05,36.3668,95833.9,7536,False
225,1.7636,1.25e-05,36.3218,95833.9,6135,False
226,1.7184,1.24e-05,36.4051,95833.9,6029,False
227,1.6791,1.23e-05,36.454,95833.9,5638,False
228,1.5324,1.23e-05,36.4134,95833.9,3439,False
229,1.6071,1.22e-05,36.4353,95833.9,4929,False
230,1.6074,1.21e-05,36.426,95833.9,3801,False
231,1.4286,1.21e-05,36.4841,95833.9,6040,False
232,1.6057,1.20e-05,36.4849,95833.9,6146,False
233,1.7534,1.19e-05,36.46,95833.9,6383,False
234,1.7881,1.19e-05,36.4451,95833.9,3908,False
235,1.5571,1.18e-05,36.4284,95833.9,7370,False
236,1.6388,1.17e-05,36.5281,95833.9,6253,False
237,1.4135,1.17e-05,36.5148,95833.9,7140,False
238,1.8251,1.16e-05,36.4991,95833.9,3524,False
239,1.7782,1.15e-05,36.443,95833.9,5221,False
240,1.6075,1.15e-05,36.4478,95833.9,6429,False
241,1.7507,1.14e-05,36.5421,95833.9,4956,False
242,1.6417,1.14e-05,36.4839,95833.9,4049,False
243,1.4664,1.13e-05,36.4048,95833.9,4540,False
244,1.7575,1.12e-05,36.5175,95833.9,4663,False
245,1.7762,1.12e-05,36.4967,95833.9,4627,False
246,1.6852,1.11e-05,36.5682,95833.9,6697,False
247,1.6162,1.10e-05,36.4599,95833.9,7334,False
248,1.8117,1.10e-05,36.4074,95833.9,5581,False
249,1.5246,1.09e-05,36.5025,95833.9,5325,False
250,1.5802,1.08e-05,36.3911,95833.9,7346,False
251,1.5828,1.08e-05,36.4912,95833.9,4519,False
252,1.5023,1.07e-05,36.4515,95833.9,4879,False
253,1.6448,1.06e-05,36.5259,95833.9,5421,False
254,1.4843,1.06e-05,36.4537,95833.9,4667,False
255,1.6611,1.05e-05,36.3532,95833.9,4977,False
256,1.475,1.04e-05,36.5792,95833.9,4503,False
257,1.5702,1.04e-05,36.415,95833.9,6606,False
258,1.6891,1.03e-05,36.4227,95833.9,5897,False
259,1.6078,1.02e-05,36.3751,95833.9,3889,False
260,1.405,1.02e-05,36.4243,95833.9,5296,False
261,1.6107,1.01e-05,36.4609,95833.9,5645,False
262,1.5243,1.00e-05,36.4034,95833.9,4099,False
263,1.668,9.97e-06,36.3885,95833.9,3860,False
264,1.4251,9.90e-06,36.4759,95833.9,5643,False
265,1.6417,9.83e-06,36.3663,95833.9,5491,False
266,1.6439,9.77e-06,36.4322,95833.9,6103,False
267,1.6564,9.70e-06,36.4986,95833.9,4049,False
268,1.7364,9.64e-06,36.4686,95833.9,5276,False
269,1.7496,9.57e-06,36.5504,95833.9,5729,False
270,1.5617,9.50e-06,36.4174,95833.9,3517,False
271,1.4611,9.44e-06,36.4608,95833.9,3199,False
272,1.4655,9.37e-06,36.3589,95833.9,6138,False
273,1.4604,9.31e-06,36.4156,95833.9,6151,False
274,1.7582,9.24e-06,36.4954,95833.9,4140,False
275,1.552,9.17e-06,36.3398,95833.9,4098,False
276,1.6334,9.11e-06,36.4728,95833.9,6015,False
277,1.5657,9.04e-06,36.3995,95833.9,5883,False
278,1.453,8.98e-06,36.426,95833.9,5882,False
279,1.764,8.91e-06,36.5005,95833.9,5642,False
280,1.7219,8.85e-06,36.4548,95833.9,3792,False
281,1.6914,8.78e-06,36.4336,95833.9,5703,False
282,1.7148,8.71e-06,36.5326,95833.9,5449,False
283,1.4583,8.65e-06,36.4534,95833.9,6445,False
284,1.648,8.58e-06,36.5228,95833.9,4889,False
285,1.6065,8.52e-06,36.2924,95833.9,4661,False
286,1.628,8.45e-06,36.4846,95833.9,6298,False
287,1.4303,8.39e-06,36.4703,95833.9,6469,False
288,1.6656,8.32e-06,36.4184,95833.9,5728,False
289,1.8516,8.26e-06,36.4921,95833.9,5621,False
290,1.5411,8.19e-06,36.4989,95833.9,6360,False
291,1.3153,8.13e-06,36.3731,95833.9,5071,False
292,1.6172,8.06e-06,36.4542,95833.9,5746,False
293,1.7151,8.00e-06,36.2918,95833.9,4792,False
294,1.5338,7.93e-06,36.4522,95833.9,4535,False
295,1.4343,7.87e-06,36.4551,95833.9,6064,False
296,1.5417,7.80e-06,36.445,95833.9,4708,False
297,1.767,7.74e-06,36.5504,95833.9,3666,False
298,1.5658,7.67e-06,36.5164,95833.9,5411,False
299,1.3538,7.61e-06,36.4546,95833.9,6160,False
300,1.5849,7.55e-06,36.4806,95833.9,9056,False
301,1.3891,7.48e-06,36.0215,95833.9,5625,False
302,1.7409,7.42e-06,36.4125,95833.9,4388,False
303,1.3324,7.35e-06,36.4299,95833.9,5021,False
304,1.28,7.29e-06,36.3359,95833.9,4844,False
305,1.7126,7.23e-06,36.4208,95833.9,5739,False
306,1.6769,7.16e-06,36.4755,95833.9,6684,False
307,1.6949,7.10e-06,36.4441,95833.9,5466,False
308,1.6253,7.04e-06,36.404,95833.9,5702,False
309,1.3805,6.97e-06,36.3882,95833.9,3936,False
310,1.5753,6.91e-06,36.5083,95833.9,7475,False
311,1.4301,6.85e-06,36.5741,95833.9,5348,False
312,1.593,6.78e-06,36.5103,95833.9,4617,False
313,1.313,6.72e-06,36.4018,95833.9,5344,False
314,1.9329,6.66e-06,36.5331,95833.9,5413,False
315,1.4602,6.60e-06,36.4163,95833.9,5758,False
316,1.6005,6.53e-06,36.4475,95833.9,7195,False
317,1.7121,6.47e-06,36.4218,95833.9,5361,False
318,1.4101,6.41e-06,36.2689,95833.9,3970,False
319,1.6268,6.35e-06,36.3893,95833.9,6361,False
320,1.7927,6.29e-06,36.2597,95833.9,5802,False
321,1.7585,6.23e-06,36.4228,95833.9,6113,False
322,1.5696,6.17e-06,36.4633,95833.9,5220,False
323,1.6344,6.10e-06,36.5646,95833.9,5110,False
324,1.7391,6.04e-06,36.374,95833.9,5241,False
325,1.6054,5.98e-06,36.3815,95833.9,6430,False
326,1.6198,5.92e-06,36.406,95833.9,6677,False
327,1.7039,5.86e-06,36.4409,95833.9,5148,False
328,1.6297,5.80e-06,36.4967,95833.9,6083,False
329,1.4915,5.74e-06,36.5098,95833.9,6452,False
330,1.611,5.68e-06,36.4046,95833.9,5226,False
331,1.719,5.62e-06,36.5858,95833.9,5376,False
332,1.6882,5.56e-06,36.3179,95833.9,3868,False
333,1.4505,5.50e-06,36.4352,95833.9,5445,False
334,1.7288,5.45e-06,36.5629,95833.9,5041,False
335,1.5765,5.39e-06,36.5681,95833.9,6805,False
336,1.5411,5.33e-06,36.385,95833.9,3687,False
337,1.4546,5.27e-06,36.4481,95833.9,5529,False
338,1.4957,5.21e-06,36.298,95833.9,4664,False
339,1.6265,5.15e-06,36.4205,95833.9,6563,False
340,1.4424,5.10e-06,36.3302,95833.9,4538,False
341,1.664,5.04e-06,36.4831,95833.9,5662,False
342,1.5946,4.98e-06,36.4159,95833.9,3341,False
343,1.6604,4.92e-06,36.3534,95833.9,6326,False
344,1.7735,4.87e-06,36.3963,95833.9,5999,False
345,1.7445,4.81e-06,36.3918,95833.9,4723,False
346,1.5773,4.75e-06,36.5132,95833.9,6070,False
347,1.4905,4.70e-06,36.4036,95833.9,6835,False
348,1.5474,4.64e-06,36.3352,95833.9,5441,False
349,1.6478,4.59e-06,36.4286,95833.9,5082,False
350,1.6148,4.53e-06,36.3063,95833.9,4900,False
351,1.4755,4.48e-06,36.4623,95833.9,4525,False
352,1.5799,4.42e-06,36.5066,95833.9,5631,False
353,1.4471,4.37e-06,36.5088,95833.9,4281,False
354,1.6676,4.31e-06,36.609,95833.9,7496,False
355,1.5766,4.26e-06,36.3665,95833.9,5824,False
356,1.6174,4.20e-06,36.4432,95833.9,6248,False
357,1.7182,4.15e-06,36.5189,95833.9,7736,False
358,1.5014,4.10e-06,36.3923,95833.9,5317,False
359,1.51,4.04e-06,36.3977,95833.9,6481,False
360,1.5809,3.99e-06,36.4561,95833.9,5201,False
361,1.7302,3.94e-06,36.4584,95833.9,4005,False
362,1.4468,3.88e-06,36.5208,95833.9,5707,False
363,1.6216,3.83e-06,36.5,95833.9,5216,False
364,1.6273,3.78e-06,36.5001,95833.9,4992,False
365,1.6383,3.73e-06,36.4211,95833.9,4102,False
366,1.2778,3.68e-06,36.4699,95833.9,6992,False
367,1.6791,3.63e-06,36.4188,95833.9,4000,False
368,1.489,3.57e-06,36.4494,95833.9,5035,False
369,1.7596,3.52e-06,36.4549,95833.9,7316,False
370,1.6303,3.47e-06,36.4087,95833.9,4597,False
371,1.4994,3.42e-06,36.4962,95833.9,5602,False
372,1.3741,3.37e-06,36.4338,95833.9,4618,False
373,1.7328,3.33e-06,36.5436,95833.9,5064,False
374,1.4637,3.28e-06,36.4327,95833.9,5187,False
375,1.5057,3.23e-06,36.5093,95833.9,6483,False
376,1.6336,3.18e-06,36.4682,95833.9,5298,False
377,1.538,3.13e-06,36.4528,95833.9,6580,False
378,1.692,3.08e-06,36.3974,95833.9,4821,False
379,1.5504,3.03e-06,36.5695,95833.9,4990,False
380,1.5553,2.99e-06,36.5436,95833.9,6933,False
381,1.6125,2.94e-06,36.5468,95833.9,4094,False
382,1.7235,2.89e-06,36.677,95833.9,5555,False
383,1.6631,2.85e-06,36.2286,95833.9,3620,False
384,1.6056,2.80e-06,36.5006,95833.9,4669,False
385,1.5717,2.76e-06,36.4537,95833.9,5289,False
386,1.5294,2.71e-06,36.4745,95833.9,5014,False
387,1.6123,2.67e-06,36.3996,95833.9,5195,False
388,1.3059,2.62e-06,36.3822,95833.9,5724,False
389,1.5586,2.58e-06,36.3968,95833.9,6063,False
390,1.7891,2.53e-06,36.545,95833.9,5522,False
391,1.6561,2.49e-06,36.369,95833.9,4515,False
392,1.6613,2.44e-06,36.5196,95833.9,6443,False
393,1.6851,2.40e-06,36.5306,95833.9,5217,False
394,1.5941,2.36e-06,36.4358,95833.9,5050,False
395,1.9028,2.32e-06,36.3698,95833.9,5761,False
396,1.5209,2.27e-06,36.4946,95833.9,7411,False
397,1.5167,2.23e-06,36.5658,95833.9,7250,False
398,1.5789,2.19e-06,36.4923,95833.9,4703,False
399,1.5316,2.15e-06,36.4613,95833.9,4833,False
400,1.5561,2.11e-06,36.5332,95833.9,5728,False
401,1.537,2.07e-06,35.9953,95833.9,6647,False
402,1.5308,2.03e-06,36.576,95833.9,5528,False
403,1.6266,1.99e-06,36.4744,95833.9,8221,False
404,1.5408,1.95e-06,36.4212,95833.9,6871,False
405,1.6331,1.91e-06,36.3863,95833.9,5437,False
406,1.3586,1.87e-06,36.4195,95833.9,7379,False
407,1.6574,1.83e-06,36.3641,95833.9,4456,False
408,1.771,1.79e-06,36.531,95833.9,6567,False
409,1.6636,1.76e-06,36.3343,95833.9,4245,False
410,1.5394,1.72e-06,36.4276,95833.9,4486,False
411,1.5628,1.68e-06,36.4455,95833.9,4611,False
412,1.4574,1.65e-06,36.5067,95833.9,6180,False
413,1.8934,1.61e-06,36.4222,95833.9,6558,False
414,1.8195,1.57e-06,36.5224,95833.9,6308,False
415,1.7311,1.54e-06,36.5987,95833.9,7795,False
416,1.5947,1.50e-06,36.2416,95833.9,3896,False
417,1.4896,1.47e-06,36.4731,95833.9,5652,False
418,1.8854,1.43e-06,36.3388,95833.9,4223,False
419,1.5158,1.40e-06,36.3378,95833.9,4714,False
420,1.559,1.37e-06,36.4919,95833.9,5639,False
421,1.5884,1.33e-06,36.5568,95833.9,5954,False
422,1.7054,1.30e-06,36.4675,95833.9,4472,False
423,1.3855,1.27e-06,36.5822,95833.9,4203,False
424,1.0446,1.24e-06,36.4874,95833.9,5745,False
425,1.4427,1.21e-06,36.4988,95833.9,4607,False
426,1.3943,1.17e-06,36.3467,95833.9,5716,False
427,1.2215,1.14e-06,36.5821,95833.9,5690,False
428,1.2781,1.11e-06,36.465,95833.9,5552,False
429,1.4433,1.08e-06,36.5929,95833.9,6781,False
430,1.6292,1.05e-06,36.5098,95833.9,5909,False
431,1.0816,1.02e-06,36.4351,95833.9,5846,False
432,1.4588,9.94e-07,36.5114,95833.9,6708,False
433,1.4161,9.66e-07,36.533,95833.9,5698,False
434,1.3721,9.38e-07,36.4927,95833.9,5759,False
435,1.3527,9.10e-07,36.5007,95833.9,5826,False
436,1.4148,8.83e-07,36.5931,95833.9,4748,False
437,1.2959,8.56e-07,36.5715,95833.9,5257,False
438,1.5447,8.29e-07,36.4383,95833.9,5514,False
439,1.2097,8.03e-07,36.2587,95833.9,6301,False
440,1.4182,7.77e-07,36.5436,95833.9,5708,False
441,1.4019,7.52e-07,36.4461,95833.9,4212,False
442,1.3739,7.27e-07,36.4013,95833.9,5640,False
443,1.4641,7.02e-07,36.4853,95833.9,3825,False
444,1.292,6.78e-07,36.4242,95833.9,5690,False
445,1.083,6.54e-07,36.4302,95833.9,5042,False
446,1.3232,6.31e-07,36.3079,95833.9,4942,False
447,1.2241,6.08e-07,36.4511,95833.9,4575,False
448,1.1849,5.86e-07,36.5278,95833.9,5251,False
449,1.2804,5.64e-07,36.5181,95833.9,4364,False
450,1.2908,5.42e-07,36.4746,95833.9,4246,False
451,1.2487,5.21e-07,36.5481,95833.9,7635,False
452,1.1719,5.00e-07,36.538,95833.9,7177,False
453,1.5933,4.79e-07,36.4829,95833.9,7753,False
454,1.2489,4.59e-07,36.5386,95833.9,4176,False
455,1.4754,4.40e-07,36.4719,95833.9,4211,False
456,1.1939,4.20e-07,36.4804,95833.9,6940,False
457,1.5366,4.02e-07,36.2878,95833.9,6434,False
458,1.2974,3.83e-07,36.448,95833.9,4863,False
459,1.2789,3.65e-07,36.5492,95833.9,5027,False
460,1.5196,3.48e-07,36.4669,95833.9,5812,False
461,1.2281,3.31e-07,36.4836,95833.9,6232,False
462,1.2951,3.14e-07,36.4435,95833.9,6700,False
463,1.3738,2.98e-07,36.3783,95833.9,5584,False
464,1.4795,2.82e-07,36.4087,95833.9,6645,False
465,1.4272,2.67e-07,36.4791,95833.9,6140,False
466,1.1692,2.52e-07,36.4708,95833.9,4688,False
467,1.3509,2.37e-07,36.3779,95833.9,5584,False
468,1.4408,2.23e-07,36.5066,95833.9,6890,False
469,1.4609,2.09e-07,36.4308,95833.9,2460,False
470,1.3457,1.96e-07,36.362,95833.9,3971,False
471,1.1187,1.83e-07,36.4992,95833.9,3874,False
472,1.325,1.71e-07,36.456,95833.9,6661,False
473,1.3203,1.59e-07,36.491,95833.9,7979,False
474,1.4526,1.47e-07,36.5015,95833.9,5998,False
475,1.0707,1.36e-07,36.607,95833.9,5286,False
476,1.6469,1.26e-07,36.5278,95833.9,4897,False
477,1.4954,1.15e-07,36.4564,95833.9,5048,False
478,1.3236,1.06e-07,36.5504,95833.9,4624,False
479,1.4489,9.63e-08,36.5031,95833.9,5669,False
480,1.3001,8.74e-08,36.5964,95833.9,5929,False
481,1.2105,7.89e-08,36.4095,95833.9,4720,False
482,1.576,7.08e-08,36.6328,95833.9,4231,False
483,1.3509,6.31e-08,36.4866,95833.9,5209,False
484,1.3865,5.59e-08,36.4577,95833.9,5684,False
485,1.4326,4.92e-08,36.3819,95833.9,6701,False
486,1.3754,4.28e-08,36.4239,95833.9,5201,False
487,1.3402,3.69e-08,36.5105,95833.9,5363,False
488,1.2103,3.15e-08,36.4721,95833.9,6226,False
489,1.2928,2.65e-08,36.3875,95833.9,5578,False
490,1.2578,2.19e-08,36.2469,95833.9,4224,False
491,1.2136,1.77e-08,36.4607,95833.9,4029,False
492,1.5132,1.40e-08,36.5461,95833.9,4644,False
493,1.5709,1.07e-08,36.6124,95833.9,5054,False
494,1.4093,7.87e-09,36.4188,95833.9,4686,False
495,1.2086,5.47e-09,36.4752,95833.9,5222,False
496,1.2887,3.50e-09,36.5494,95833.9,5120,False
497,1.4428,1.97e-09,36.3998,95833.9,4455,False
498,1.368,8.75e-10,36.5331,95833.9,5219,False
499,1.3077,2.19e-10,36.4842,95833.9,5758,False
500,1.2897,0.00e+00,36.5008,95833.9,7642,False
